Workbook
Name GroceryTotal: calculations!$L$4

Sheet Grocery list
L1: =calculations!M9 -> BATTERY HOLDER TOTAL
B3: BOM | D3: nRF54 BLE BEACON | H3: Prosjektgruppe 15
B4: DONE | C4: Reference Designator | D4: Part Number | E4: Value | F4: Component type | G4: QTY | H4: Footprint size | I4: UNIT PRICE | J4: TOTAL | K4: COMMENT | M4: =calculations!M6 -> PASSIVE TOTAL
C5: C1,C6 | D5: GRM033D80E225ME47D | E5: 2.2 uF | F5: PASSIVE | G5: 2 | H5: 0201 | I5: 1.1 | J5: =List[[#This Row],[QTY]]*List[[#This Row],[UNIT PRICE]] -> 2.2 | K5: Kondensator | M5: =calculations!L6 -> 124
C6: C2 | D6: KGM05CS60J106MH | E6: 10 uF | F6: PASSIVE | G6: 1 | H6: 0402 | I6: 3.19 | J6: =List[[#This Row],[QTY]]*List[[#This Row],[UNIT PRICE]] -> 3.19 | K6: Kondensator
C7: C3 | D7: GRM033R70J103JA01D | E7: 10 nF | F7: PASSIVE | G7: 1 | H7: 0201 | I7: 0.998 | J7: =List[[#This Row],[QTY]]*List[[#This Row],[UNIT PRICE]] -> 0.998 | K7: Kondensator | M7: =calculations!M7 -> IC TOTAL
C8: C4,C8,C9,C10 | D8: KGM03AR70J104KH | E8: 100 nF | F8: PASSIVE | G8: 4 | H8: 0201 | I8: 3.6 | J8: =List[[#This Row],[QTY]]*List[[#This Row],[UNIT PRICE]] -> 14.4 | K8: Kondensator | M8: =calculations!L7 -> 90
C9: C5 | D9: GRM033R71A222KA01D | E9: 2.2 nF | F9: PASSIVE | G9: 1 | H9: 0201 | I9: 0.998 | J9: =List[[#This Row],[QTY]]*List[[#This Row],[UNIT PRICE]] -> 0.998 | K9: Kondensator
C10: C7 | D10: GCQ0335C1H3R9CB01D | E10: 3.9 pF | F10: PASSIVE | G10: 1 | H10: 0201 | I10: 1.19 | J10: =List[[#This Row],[QTY]]*List[[#This Row],[UNIT PRICE]] -> 1.19 | K10: Kondensator | M10: =calculations!M8 -> SPEAKER TOTAL
C11: C11 | D11: GJM0335C1E1R5WB01J | E11: 1.5 pF | F11: PASSIVE | G11: 1 | H11: 0201 | I11: 0.998 | J11: =List[[#This Row],[QTY]]*List[[#This Row],[UNIT PRICE]] -> 0.998 | K11: Kondensator | M11: =calculations!L8 -> 47
C12: C12 | D12: GJM0335C1E2R0WB01D | E12: 2.0 pF | F12: PASSIVE | G12: 1 | H12: 0201 | I12: 1.19 | J12: =List[[#This Row],[QTY]]*List[[#This Row],[UNIT PRICE]] -> 1.19 | K12: Kondensator
C13: C13 | D13: GCQ0335C1HR30BB01D | E13: 0.3 pF | F13: PASSIVE | G13: 1 | H13: 0201 | I13: 1.19 | J13: =List[[#This Row],[QTY]]*List[[#This Row],[UNIT PRICE]] -> 1.19 | K13: Kondensator | M13: =calculations!M9 -> BATTERY HOLDER TOTAL
C14: C14,C16,C17,C23,C24,C25 | D14: KGM15CR51E106KT | E14: 10 uF | F14: PASSIVE | G14: 6 | H14: 0603 | I14: 5.09 | J14: =List[[#This Row],[QTY]]*List[[#This Row],[UNIT PRICE]] -> 30.54 | K14: Kondensator | M14: =calculations!L9 -> 38
C15: C15 | D15: GRM188Z71C225KE43D | E15: 2.2 uF | F15: PASSIVE | G15: 1 | H15: 0603 | I15: 1.6 | J15: =List[[#This Row],[QTY]]*List[[#This Row],[UNIT PRICE]] -> 1.6 | K15: Kondensator
C16: C18,C21,C22 | D16: KGM03BR51E104KH | E16: 0.1 uF | F16: PASSIVE | G16: 3 | H16: 0201 | I16: 1.39 | J16: =List[[#This Row],[QTY]]*List[[#This Row],[UNIT PRICE]] -> 4.17 | K16: Kondensator | M16: =calculations!M10 -> CONNECTOR TOTAL
C17: C19,C20 | D17: C0603C221J5RACTM | E17: 220 pF | F17: PASSIVE | G17: 2 | H17: 0603 | I17: 1.3 | J17: =List[[#This Row],[QTY]]*List[[#This Row],[UNIT PRICE]] -> 2.6 | K17: Kondensator | M17: =calculations!L10 -> 21
C18: C26 | D18: GCQ0335C1H1R4WB01D | E18: 1.4 pF | F18: PASSIVE | G18: 1 | H18: 0201 | I18: 1.8 | J18: =List[[#This Row],[QTY]]*List[[#This Row],[UNIT PRICE]] -> 1.8 | K18: Kondensator
C19: D1 | D19: APGF1012GBRC-07 | E19: LED_RGBA | F19: PASSIVE | G19: 1 | H19: 1012 | I19: 11.37 | J19: =List[[#This Row],[QTY]]*List[[#This Row],[UNIT PRICE]] -> 11.37 | K19: LED | M19: =calculations!M4 -> COMPONENTS TOTAL
C20: FB1 | D20: MMZ0603Y121CT000 | E20: 120 | F20: PASSIVE | G20: 1 | H20: 0201 | I20: 1.3 | J20: =List[[#This Row],[QTY]]*List[[#This Row],[UNIT PRICE]] -> 1.3 | K20: Ferrite Bead | M20: =GroceryTotal -> 321
C21: FB2,FB3 | D21: BLM21SP102SN1D | E21: 1000 | F21: PASSIVE | G21: 2 | H21: 0805 | I21: 2.99 | J21: =List[[#This Row],[QTY]]*List[[#This Row],[UNIT PRICE]] -> 5.98 | K21: Ferrite Bead
C22: J1 | D22: FTSH-105-01-F-DV-K-P | E22: Conn_02x05_Odd_Even | F22: CONNECTOR | G22: 1 | H22: 105 | I22: 21 | J22: =List[[#This Row],[QTY]]*List[[#This Row],[UNIT PRICE]] -> 21 | K22: Konnektor
C23: J2 | E23: Conn_02x03_Counter_Clockwise | G23: 1 | H23: P2.54mm | J23: =List[[#This Row],[QTY]]*List[[#This Row],[UNIT PRICE]] -> 0 | K23: Konnektor
C24: L1 | D24: LQM18PN4R7MFRL | E24: 4.7uH | F24: PASSIVE | G24: 1 | H24: 0603 | I24: 1.69 | J24: =List[[#This Row],[QTY]]*List[[#This Row],[UNIT PRICE]] -> 1.69 | K24: Spole
C25: L2 | D25: LQP03HQ2N7B02D | E25: 2.7nH | F25: PASSIVE | G25: 1 | H25: 0201 | I25: 1.19 | J25: =List[[#This Row],[QTY]]*List[[#This Row],[UNIT PRICE]] -> 1.19 | K25: Spole
C26: L3,L4 | D26: LQP03HQ3N5B02D | E26: 3.5nH | F26: PASSIVE | G26: 2 | H26: 0201 | I26: 1.19 | J26: =List[[#This Row],[QTY]]*List[[#This Row],[UNIT PRICE]] -> 2.38 | K26: Spole
C27: L5,L6 | D27: MLP2016V2R2MT0S1 | E27: 2.2uH | F27: PASSIVE | G27: 2 | H27: 2016 | I27: 2.19 | J27: =List[[#This Row],[QTY]]*List[[#This Row],[UNIT PRICE]] -> 4.38 | K27: Spole
C28: LS1 | D28: AS07104PO-R | E28: AS07104PO-R | F28: SPEAKER | G28: 1 | H28: 71x41x25mm | I28: 47.21 | J28: =List[[#This Row],[QTY]]*List[[#This Row],[UNIT PRICE]] -> 47.21 | K28: Høyttaler
C29: R1 | D29: CRCW0603634KDHTAP | E29: 634k | F29: PASSIVE | G29: 1 | H29: 0603 | I29: 3.89 | J29: =List[[#This Row],[QTY]]*List[[#This Row],[UNIT PRICE]] -> 3.89 | K29: Resistor
C30: R2 | D30: RCA02011K00FNEDSR | E30: 1k | F30: PASSIVE | G30: 1 | H30: 0201 | I30: 0.998 | J30: =List[[#This Row],[QTY]]*List[[#This Row],[UNIT PRICE]] -> 0.998 | K30: Resistor
C31: R3,R4 | D31: CRCW040210K0FHEDP | E31: 10k | F31: PASSIVE | G31: 2 | H31: 0402 | I31: 3.19 | J31: =List[[#This Row],[QTY]]*List[[#This Row],[UNIT PRICE]] -> 6.38 | K31: Resistor
C32: R5,R6 | D32: CRCW0201150KFKED | E32: 150k | F32: PASSIVE | G32: 2 | H32: 0201 | I32: 2.1 | J32: =List[[#This Row],[QTY]]*List[[#This Row],[UNIT PRICE]] -> 4.2 | K32: Resistor
C33: U1 | D33: NRF54L15-QFAA-R7 | E33: nRF54L15-QFAA | F33: IC | G33: 1 | H33: 6x6mm P0.4mm | I33: 23.08 | J33: =List[[#This Row],[QTY]]*List[[#This Row],[UNIT PRICE]] -> 23.08 | K33: MCU
C34: U2 | D34: NPM1300-QEAA-R7 | E34: NPM1300-QEAA-R7 | F34: IC | G34: 1 | H34: 5x5mm P0.5mm | I34: 15.31 | J34: =List[[#This Row],[QTY]]*List[[#This Row],[UNIT PRICE]] -> 15.31 | K34: PMIC
C35: U3 | D35: MAX98357AETE+T | E35: MAX98357A | F35: IC | G35: 1 | H35: 3x3mm P0.5mm | I35: 51.62 | J35: =List[[#This Row],[QTY]]*List[[#This Row],[UNIT PRICE]] -> 51.62 | K35: Audio DAC + Forsterker
... C38: X2 | D38: CM8V-T1A-32.768kHz-9pF-20PPM-TB-QC | E38: 32.768 kHz | F38: PASSIVE | G38: 1 | H38: 2012-2Pin | I38: 6.59 | J38: =List[[#This Row],[QTY]]*List[[#This Row],[UNIT PRICE]] -> 6.59 | K38: Krystall

Sheet calculations
A1: *** Sheet to remain hidden ***
K3: =SUM(List[TOTAL])-SUM(K6:K10) -> 0 | L3: =ROUND(K3,0) -> 0 | M3: OTHER TOTAL
L4: =ROUNDUP(SUM(List[TOTAL]),0) -> 321 | M4: COMPONENTS TOTAL
E6: {=IFERROR(INDEX(List[Component type],MATCH(,COUNTIF($E$5:E5,List[Component type]),)),"")} -> PASSIVE | F6: =SUMIFS(List[TOTAL],List[Component type],E6) -> 124.002 | G6: =F6+ROW()/1000000 -> 124.00201 | H6: =LARGE($G$6:$G$21,1) -> 124.00201 | I6: =MATCH(H6,$G$6:$G$21,0) -> 1 | J6: =INDEX($E$6:$E$21,$I6) -> PASSIVE | K6: =INDEX($F$6:$F$21,$I6) -> 124.002 | L6: =IF(M6="","", ROUND(K6,0)) -> 124 | M6: =IF(J6="","", UPPER(J6) & " TOTAL") -> PASSIVE TOTAL
E7: {=IFERROR(INDEX(List[Component type],MATCH(,COUNTIF($E$5:E6,List[Component type]),)),"")} -> CONNECTOR | F7: =SUMIFS(List[TOTAL],List[Component type],E7) -> 21 | G7: =F7+ROW()/1000000 -> 21.000007 | H7: =LARGE($G$6:$G$21,2) -> 90.01001 | I7: =MATCH(H7,$G$6:$G$21,0) -> 5 | J7: =INDEX($E$6:$E$21,$I7) -> IC | K7: =INDEX($F$6:$F$21,$I7) -> 90.01 | L7: =IF(M7="","", ROUND(K7,0)) -> 90 | M7: =IF(J7="","", UPPER(J7) & " TOTAL") -> IC TOTAL
E8: {=IFERROR(INDEX(List[Component type],MATCH(,COUNTIF($E$5:E7,List[Component type]),)),"")} -> 0 | F8: =SUMIFS(List[TOTAL],List[Component type],E8) -> 0 | G8: =F8+ROW()/1000000 -> 8e-06 | H8: =LARGE($G$6:$G$21,3) -> 47.210009 | I8: =MATCH(H8,$G$6:$G$21,0) -> 4 | J8: =INDEX($E$6:$E$21,$I8) -> SPEAKER | K8: =INDEX($F$6:$F$21,$I8) -> 47.21 | L8: =IF(M8="","", ROUND(K8,0)) -> 47 | M8: =IF(J8="","", UPPER(J8) & " TOTAL") -> SPEAKER TOTAL
E9: {=IFERROR(INDEX(List[Component type],MATCH(,COUNTIF($E$5:E8,List[Component type]),)),"")} -> SPEAKER | F9: =SUMIFS(List[TOTAL],List[Component type],E9) -> 47.21 | G9: =F9+ROW()/1000000 -> 47.210009 | H9: =LARGE($G$6:$G$21,4) -> 38.280011 | I9: =MATCH(H9,$G$6:$G$21,0) -> 6 | J9: =INDEX($E$6:$E$21,$I9) -> BATTERY HOLDER | K9: =INDEX($F$6:$F$21,$I9) -> 38.28 | L9: =IF(M9="","", ROUND(K9,0)) -> 38 | M9: =IF(J9="","", UPPER(J9) & " TOTAL") -> BATTERY HOLDER TOTAL
E10: {=IFERROR(INDEX(List[Component type],MATCH(,COUNTIF($E$5:E9,List[Component type]),)),"")} -> IC | F10: =SUMIFS(List[TOTAL],List[Component type],E10) -> 90.01 | G10: =F10+ROW()/1000000 -> 90.01001 | H10: =LARGE($G$6:$G$21,5) -> 21.000007 | I10: =MATCH(H10,$G$6:$G$21,0) -> 2 | J10: =INDEX($E$6:$E$21,$I10) -> CONNECTOR | K10: =INDEX($F$6:$F$21,$I10) -> 21 | L10: =IF(M10="","", ROUND(K10,0)) -> 21 | M10: =IF(J10="","", UPPER(J10) & " TOTAL") -> CONNECTOR TOTAL
E11: {=IFERROR(INDEX(List[Component type],MATCH(,COUNTIF($E$5:E10,List[Component type]),)),"")} -> BATTERY HOLDER | F11: =SUMIFS(List[TOTAL],List[Component type],E11) -> 38.28 | G11: =F11+ROW()/1000000 -> 38.280011 | H11: =LARGE($G$6:$G$21,6) -> 2.1e-05 | I11: =MATCH(H11,$G$6:$G$21,0) -> 16 | J11: =INDEX($E$6:$E$21,$I11) | K11: =INDEX($F$6:$F$21,$I11) -> 0 | L11: =IF(M11="","", ROUND(K11,0)) | M11: =IF(J11="","", UPPER(J11) & " TOTAL")
E12: {=IFERROR(INDEX(List[Component type],MATCH(,COUNTIF($E$5:E11,List[Component type]),)),"")} | F12: =SUMIFS(List[TOTAL],List[Component type],E12) -> 0 | G12: =F12+ROW()/1000000 -> 1.2e-05
E13: {=IFERROR(INDEX(List[Component type],MATCH(,COUNTIF($E$5:E12,List[Component type]),)),"")} | F13: =SUMIFS(List[TOTAL],List[Component type],E13) -> 0 | G13: =F13+ROW()/1000000 -> 1.3e-05
E14: {=IFERROR(INDEX(List[Component type],MATCH(,COUNTIF($E$5:E13,List[Component type]),)),"")} | F14: =SUMIFS(List[TOTAL],List[Component type],E14) -> 0 | G14: =F14+ROW()/1000000 -> 1.4e-05
E15: {=IFERROR(INDEX(List[Component type],MATCH(,COUNTIF($E$5:E14,List[Component type]),)),"")} | F15: =SUMIFS(List[TOTAL],List[Component type],E15) -> 0 | G15: =F15+ROW()/1000000 -> 1.5e-05
E16: {=IFERROR(INDEX(List[Component type],MATCH(,COUNTIF($E$5:E15,List[Component type]),)),"")} | F16: =SUMIFS(List[TOTAL],List[Component type],E16) -> 0 | G16: =F16+ROW()/1000000 -> 1.6e-05
E17: {=IFERROR(INDEX(List[Component type],MATCH(,COUNTIF($E$5:E16,List[Component type]),)),"")} | F17: =SUMIFS(List[TOTAL],List[Component type],E17) -> 0 | G17: =F17+ROW()/1000000 -> 1.7e-05
E18: {=IFERROR(INDEX(List[Component type],MATCH(,COUNTIF($E$5:E17,List[Component type]),)),"")} | F18: =SUMIFS(List[TOTAL],List[Component type],E18) -> 0 | G18: =F18+ROW()/1000000 -> 1.8e-05
E19: {=IFERROR(INDEX(List[Component type],MATCH(,COUNTIF($E$5:E18,List[Component type]),)),"")} | F19: =SUMIFS(List[TOTAL],List[Component type],E19) -> 0 | G19: =F19+ROW()/1000000 -> 1.9e-05
E20: {=IFERROR(INDEX(List[Component type],MATCH(,COUNTIF($E$5:E19,List[Component type]),)),"")} | F20: =SUMIFS(List[TOTAL],List[Component type],E20) -> 0 | G20: =F20+ROW()/1000000 -> 2e-05
E21: {=IFERROR(INDEX(List[Component type],MATCH(,COUNTIF($E$5:E20,List[Component type]),)),"")} | F21: =SUMIFS(List[TOTAL],List[Component type],E21) -> 0 | G21: =F21+ROW()/1000000 -> 2.1e-05
